country_iso3,country_iso2,country,s_never_n,s_onceortwice_n,s_afewtimes_n,s_often_n,s_knowitwell_n,s_never_pct,s_onceortwice_pct,s_afewtimes_pct,s_often_pct,s_knowitwell_pct,s_never_pct_se,s_onceortwice_pct_se,s_afewtimes_pct_se,s_often_pct_se,s_knowitwell_pct_se,s_never_avg,s_onceortwice_avg,s_afewtimes_avg,s_often_avg,s_knowitwell_avg,s_never_avg_se,s_onceortwice_avg_se,s_afewtimes_avg_se,s_often_avg_se,s_knowitwell_avg_se,d_never_n,d_onceortwice_n,d_afewtimes_n,d_often_n,d_knowitwell_n,d_never_pct,d_onceortwice_pct,d_afewtimes_pct,d_often_pct,d_knowitwell_pct,d_never_pct_se,d_onceortwice_pct_se,d_afewtimes_pct_se,d_often_pct_se,d_knowitwell_pct_se,d_never_avg,d_onceortwice_avg,d_afewtimes_avg,d_often_avg,d_knowitwell_avg,d_never_avg_se,d_onceortwice_avg_se,d_afewtimes_avg_se,d_often_avg_se,d_knowitwell_avg_se,s_knowitwell_pct_2012,s_knowitwell_pct_se_2012,d_knowitwell_pct_2012,d_knowitwell_pct_se_2012,s_knowitwell_pct_2022_2012,d_knowitwell_pct_2022_2012,n,pct100,mathavg,mathavg_se,s_never_knowitwell_gap,s_never_knowitwell_gap_cov,s_never_knowitwell_gap_se,s_never_knowitwell_gap_pvalue,s_never_knowitwell_gap_dof,s_never_knowitwell_gap_ttest,d_never_knowitwell_gap,d_never_knowitwell_gap_cov,d_never_knowitwell_gap_se,d_never_knowitwell_gap_pvalue,d_never_knowitwell_gap_dof,d_never_knowitwell_gap_ttest
CZE,CZ,Czech Republic,1784,688,403,143,73,58.95434071044622,20.911291065190955,13.09174355380574,4.701116110994235,2.3415085595628637,1.0690075544438766,0.8241595289905739,0.7481310450538595,0.41886508582434656,0.2929210240382146,495.44728555736793,506.9998251264437,473.65102549847404,458.0188153580011,460.7438309669434,2.991623338269927,5.201808648376768,5.676878831117813,10.614412171561908,11.90291376743553,766,525,758,554,494,23.29654798785796,16.393834852812724,25.587171942574454,18.486693306141017,16.23575191061384,0.80964104975335,0.742183593346964,0.8172833714072659,1.0095173292007111,0.7368884651919969,515.5084254074351,498.0036725616358,478.1521905983444,474.63122227568766,495.411483895167,4.6425554900380215,4.380272044860313,3.9430291118707532,4.444131884200193,4.637621376251835,2.7825307242955564,0.35564008454757073,2.5249795923101432,0.2875295191961892,-0.4410221647326926,13.710772318303697,8460,100,486.9992078519273,2.093644696942109,34.70345459042454,1.4925053474622478,12.150891146667519,0.0055964399857808544,72.28224844823714,TRUE,20.096941512268074,1.4926399011390152,6.330527126967557,0.0020208906567986684,95.31970532609502,TRUE
IRL,IE,Ireland,1539,298,210,105,52,69.5352178694632,13.428276686186924,9.749314708703858,4.767766213828923,2.5194245218171014,1.1986118672192518,0.7528396757856206,0.6939568590414611,0.38847206182871374,0.31804822303335073,502.4573677749555,486.6106235991543,480.41253484553584,471.9953590513085,474.5885725252592,2.4410564596515325,4.649853718505984,5.387158613355248,8.594538953246872,12.077492711225526,1307,354,278,192,49,59.87204855494799,16.083279268698643,12.68083080589322,8.993758113774255,2.3700832566859003,1.1739831672557155,0.6810385886440483,0.8661253011730865,0.586682747098466,0.2815528215848748,499.7318681882899,488.98297756193523,487.39423506752627,483.27608659949664,486.2422876243298,2.883462438455395,5.597741638358339,5.4115404214050224,6.402028475146353,10.714711474177843,1.955557943089153,0.27308426361463645,2.578706323619795,0.31857374827689483,0.5638665787279484,-0.20862306693389465,5569,100,491.64827959188403,2.022266338379325,27.86879524969629,5.248765880937277,11.888105613050284,0.02160710602454108,78.110980442673693,TRUE,13.489580563960146,1.9517355955804412,10.918604600300377,0.21976944224225825,92.97037092537494,FALSE
DEU,DE,Germany,1290,317,219,91,53,65.32151140790606,16.150579232622952,11.078887177103239,4.631796011289669,2.817226171078069,1.2136487247461905,0.9676146037390312,0.7248077196934612,0.5337755774515337,0.3854117280049451,502.30384624847477,486.81651279677993,474.95433409339,443.8073236667492,423.0552029557141,3.3799934879612303,5.035845956388311,7.514132831970297,10.192460806903068,13.886509785884284,676,333,313,328,278,34.748074643914094,17.388683828334475,16.161510466435278,17.2430300545461,14.45870100677005,1.0173368965599303,0.7371445564334953,0.9239255025928211,0.8684496162262556,0.9023779932213057,510.9331401711721,500.0819897600935,484.79174580495567,460.26881810161433,474.9257298842062,4.681997800961046,6.17343162077422,5.274258042880527,6.035278507660172,6.589197578114785,2.8621443286381396,0.26830942886907816,10.693401872957036,0.589180451437348,-0.04491815756007078,3.7652991338130146,6116,100,474.82645390785336,3.0648044725408568,79.24864329276068,2.6046319574918346,14.108516792956538,6.074972120906352e-7,56.875120049231505,TRUE,36.00741028696592,5.3559337687016555,7.390991854564211,9.91698561714216e-6,54.49336258517866,TRUE
NLD,NL,Netherlands,1095,234,234,111,49,64.15693682398621,13.781801698458377,13.082106745493677,6.288220821686815,2.690933910374922,1.1677834221879264,0.9108082066870358,0.8090938597156755,0.6057227437976573,0.44176474009073813,516.6720268638752,530.9262632478125,491.4939228467313,453.73925454640585,448.4267293293049,3.89353653913753,7.702911027605453,7.1245092558955125,12.268942425275464,19.679998686304028,1032,267,255,145,72,58.43105568217635,15.317529680629855,13.828463509344749,8.373069265565054,4.049881862283992,1.392917823391457,0.8383425276027638,0.9676866228768474,0.7130243017738709,0.39121490416876664,522.367087459955,517.2484041146697,483.66208398502437,463.5421769340821,457.87282003325987,3.5189302660119712,5.974854707947813,8.176363136611393,9.715557823051718,15.650726374664874,1.7391699742064253,0.2439702225981942,5.999665943034131,0.5798595207376367,0.9517639361684966,-1.9497840807501392,5046,100,492.6756389784975,3.7659610888131074,68.24529753457028,20.506764237783752,19.01179756359087,5.475773705598819e-4,86.82069036609171,TRUE,64.4942674266951,10.28620523051691,15.386867641292426,6.489128065845229e-5,89.55949065646149,TRUE
FIN,FI,Finland,2148,531,479,268,129,62.66926612032615,15.232348567087575,12.55096710308004,6.581182132483122,2.966236077023112,0.9539296185233097,0.7421016643454048,0.6294275842849876,0.430267319287159,0.3266897706997949,504.4954037351438,491.7012795541614,472.1672803603327,450.63074957138537,461.5017721931188,2.427672618050463,5.3506535419797085,4.457509086717399,6.764065363278162,10.44755471558074,1882,675,593,335,148,53.05530186609181,18.82886230096581,16.106573989925067,8.519425678777479,3.4898361642398443,0.9442470749229606,0.6821939430884575,0.7083181432656699,0.47698031745794484,0.29189688793324026,506.15055327236655,494.7060116602145,474.56004442999404,459.5379712193463,490.41399660901936,2.7234283404446766,3.6249962972839174,4.866521661745738,6.0007941122868536,8.420202414187818,0.8581042916233002,0.12038789490437286,1.2923025973172868,0.18035160100918302,2.108131785399812,2.1975335669225577,10239,100,484.13922563776873,1.8571559520076943,42.99363154202496,4.959379868473242,10.253108511009666,6.078257870489878e-5,97.05819742216778,TRUE,15.736556663347187,1.743136935359216,8.650468007611678,0.073012141490989,72.57983709108275,FALSE
NZL,NZ,New Zealand,981,240,200,106,53,61.89711447412901,15.447260940276555,12.42924119207112,6.797351501691315,3.4290318918319915,1.2872296070429627,0.8376260712300844,0.8816746801653819,0.6306063356814642,0.4332067852950235,496.6484566444479,484.2363070165751,472.4551164313542,475.8859169951357,524.0580428569774,3.487158700936212,5.7761966119222725,7.922731480440356,9.35551086536952,17.5389426089781,876,267,290,164,78,52.97367878433511,15.519572853383504,17.218230646561786,9.518930304003627,4.7695874117159756,1.245501111897185,0.878328070417522,0.8307260319031704,0.7846806053716581,0.6513124541372854,496.5836883547651,485.86519608338426,488.32800007657454,473.13822441701063,526.7260592088053,4.367065370206214,6.867001971412374,6.186925952598731,7.7227654134937485,16.22824476790616,1.9700929564106116,0.2779088165030908,3.159186363621468,0.33642158182791215,1.45893893542138,1.6104010480945075,4682,100,479.07419345238105,1.9870247861737846,-27.40958621252952,-1.6814568460509292,17.97603118985513,0.13087346373459674,88.62407637581559,FALSE,-30.142370854040166,-6.302916518200027,17.17652529562158,0.08274957915631198,88.36687793724992,FALSE
ESP,ES,Spain,6718,2006,1852,711,367,55.0117676216249,18.509627956928217,16.820542354900482,6.173782310369599,3.484279756176805,0.6628207409623291,0.44778516775060145,0.48552049225409083,0.38431811440235103,0.2408101728919258,488.42746222274087,483.8349836517554,462.64139934852676,446.0371138950433,458.5582843589894,2.03060045095749,3.4516357865409963,2.6456622363741435,5.000681628743265,6.849654524630443,6866,1592,1627,917,559,58.17074410631374,14.881159043209296,14.400962160574391,7.632953745731955,4.914180944170614,0.6564824549852897,0.5477171908015513,0.4655327418456913,0.35325371077254786,0.25851436648700865,485.43508234023017,481.9032676735765,469.7320968241933,451.7811747448449,450.4138749809136,2.1420979270752794,4.074776815199486,3.9809014959133173,5.2979629511193105,6.390981604760127,3.6344558463069077,0.24381542874705994,4.805659886760926,0.3190193828917128,-0.15017609013010258,0.10852105740968732,30800,100,473.14020802459567,1.5043760437100735,29.869177863751474,3.843092994900033,6.5844452544173375,1.7259574121464283e-5,91.89514049459599,TRUE,35.02120735931658,1.0533288973052592,6.58229227601996,1.0265131886733059e-6,75.33751510440993,TRUE
ITA,IT,Italy,2685,543,448,200,111,67.30074405895938,12.319954279912583,11.963113380070519,5.3807440648084555,3.0354442162490543,0.9642566565830681,0.6849293825441395,0.7423065883558042,0.5874966477571489,0.3392183724398783,486.66008381931783,463.2990080273912,450.37440222396924,424.44514826826463,429.55002256729455,3.6751720621723774,6.07974510966608,5.419249129392264,9.18332249189831,10.832978968983502,2212,681,587,350,219,53.05694605881612,16.197226323660256,15.220543212714588,9.152826588494893,6.372457816314142,1.057724204383601,0.7473563741127385,0.692692531625315,0.6661965310977983,0.5396585909842617,480.1347734549289,474.9962689216337,472.300221743641,461.15434878635864,459.5341992631283,3.856617318141756,6.138238290469763,5.065932430614913,7.751295880137553,10.30164926291536,2.799208442514183,0.16776758092460523,5.036964848060368,0.2538331540815524,0.23623577373487104,1.3354929682537744,10552,100,471.2594754762798,3.093388230462303,57.110061252023286,9.558104042904422,10.570908898633192,6.027040946321449e-7,83.93144192793332,TRUE,20.600574191800604,8.539849125354003,10.19400688757897,0.045809986443238415,106.2612417122663,TRUE
CRI,CR,Costa Rica,1089,414,350,192,74,51.38236961034246,19.54500912857048,16.713725761282635,9.02849694560775,3.3303985541966683,1.1172595604548676,0.8755256933387621,0.9535956662105785,0.67975907711424,0.38312965379104963,391.58223175347973,384.59440053577885,383.33636981975906,380.1742623972806,372.551900590376,2.523753000075005,3.8176282156142127,4.3974029184521415,5.1513150778949495,7.496391645901965,949,376,404,250,130,45.07834044281154,17.80349660725012,19.359943807572098,11.76182132565108,5.996397816715172,1.120486136357247,0.8279556852378647,0.9510436511586612,0.8243351828589254,0.5350062098701893,390.9809444174317,388.646514629536,389.5702512557658,380.68754679858415,373.31003914137045,2.9373452610217834,3.5460882604993094,3.775849060941084,4.512171608090038,6.343740760446656,6.218731814543674,0.5318567675990051,6.735129777552571,0.5275109632044411,-2.888333260347006,-0.7387319608373994,6113,100,384.5760411243579,1.8877075759403437,19.03033116310371,-0.5148506282693718,7.974642197031482,0.019192201949378207,86.69452918301239,TRUE,17.670905276061262,0.19058991911477158,6.963466391099329,0.0132203087226479,75.53637109947256,TRUE
EST,EE,Estonia,1502,400,325,175,85,60.2914025080165,15.642102640096834,12.913833996705474,7.679645590451551,3.473015264729655,1.0573181305481465,0.8974736715994731,0.6645951813644654,0.5588446322049345,0.3565570805124658,521.1414307113348,509.7205561795762,487.72549863002024,469.62366590822785,498.49939398722154,3.000622766863942,5.241254060949064,6.234916158664258,7.170035875056097,11.553770753156229,1474,436,300,177,81,59.4190771041781,17.521683678035586,12.48451615811555,7.425683128543767,3.1490399311269983,1.1673642550164773,0.9809530243396594,0.7747944684773191,0.5622859802479567,0.37766918278954903,521.0718932827135,513.6309431971843,494.00448648172784,468.0967054825732,484.99346820512443,2.746816849324276,4.87338934601191,5.189388566934965,7.778183256150495,11.924931592971244,3.3420790264942615,0.27632450592201707,2.8576207961361764,0.3060945987552524,0.13093623823539335,0.29141913499082195,6392,100,509.94695322475644,1.9844748824116032,22.642036724113268,3.5822904445254373,11.633089646197162,0.05550745516304145,72.14877972263051,FALSE,36.07842507758909,3.1628300238435694,11.975948240247547,0.0033744931778714182,88.79686317841282,TRUE
AUS,AU,Australia,2969,873,749,357,180,57.354325897433675,17.08445974450312,14.68526662686248,7.257058915599879,3.6188888156008376,0.8158378747627468,0.6412969933868644,0.5929528995070967,0.366440196591585,0.26750181945620527,497.0080368091327,490.3412471153446,480.08878051682257,463.5081626115442,485.4449238233153,2.348999586246311,4.196045228595916,5.011828814938214,7.171975328411045,8.979186272273045,2387,969,948,561,304,46.238121659953116,18.66677044379841,17.94251779071847,10.877951563493095,6.274638542036906,0.92674836629058,0.6711763859649709,0.7209423113235672,0.5185395454272741,0.37736042733873615,501.4636986646042,496.4224309378016,482.0785132067488,472.3493534870968,497.38257876520163,3.012281227542164,4.03968974215025,4.038478882828787,5.586462261235923,6.678645973974033,2.1324469919784814,0.1609757796347731,2.771221900067872,0.1967682756359057,1.4864418236223562,3.5034166419690345,13437,100,487.0842535121309,1.7796142848570313,11.563112985817384,3.8633088907456683,8.855335532145054,0.1959055194759114,69.95477694453572,FALSE,4.081119899402552,4.934483898845215,6.618850537804284,0.5394096014120087,73.51868815908895,FALSE
GBR,GB,United Kingdom,2791,588,459,179,146,65.51507818483412,14.910995072625965,11.26518675616959,4.183777113915729,4.124962872454581,1.194828258473419,0.8663434946493643,0.7782211198822955,0.44652844375911255,0.7575109110190364,500.2553502782698,496.5697859753478,490.92373535505817,457.5418574402071,505.276038542127,4.038646903600751,5.9246407080256835,8.2707591127278,12.881740352297935,18.92737380014509,2395,664,607,314,234,54.51133732921034,16.422553501219316,15.770285727981975,7.845356201427532,5.45046724016083,1.1622801608976694,0.9833878652727991,0.8000390741554039,0.6394821576082511,0.5555937767125748,503.43699169146714,503.56974966976065,505.4647719756724,484.2017155999292,498.0807230241906,4.30555762785726,6.782533421866313,6.229555507648014,9.591718393960244,10.51139176304388,2.6016820294915277,0.2745820209570646,3.5763006151616956,0.32453178086783363,1.5232808429630529,1.874166624999134,12972,100,488.97508506576963,2.2179511344297285,-5.02068826385721,6.194424716173129,19.03069358562731,0.7925115707944828,91.48083442038707,FALSE,5.356268667276538,5.487089887747914,10.865219901478788,0.6233554080053347,81.58241832452744,FALSE
CHE,CH,Switzerland,1369,336,300,142,90,61.40927418324047,15.335200671468646,13.673716438675154,5.933004644898529,3.6488040617172035,1.1456300757098266,0.8533280617279319,0.7345856581436901,0.5751300029768942,0.4449732524873121,531.9950623018755,514.1950072234408,500.5524989988986,462.80732719836107,482.75850836575887,3.0591706877603997,5.642465117027847,6.607806192677659,11.199651592017249,10.326574882563975,868,335,405,330,276,37.6444276545795,14.718696157662448,18.53366504688337,16.398717637104657,12.704493503770017,1.1438884228275632,0.7483798142696493,0.9220471917396788,0.8854689778675696,0.8354572543174911,540.5762539340284,529.4837222196201,507.79894745903147,488.8354636283463,510.9269985543218,4.099939324270879,5.253538313531704,6.451034615515718,6.194379813900075,6.133841145192998,2.137393396130218,0.19509694933487526,9.54230374676588,0.45596483189843307,1.5114106655869857,3.1621897570041373,6829,100,507.990586448709,2.143699976680787,49.23655393611659,-2.2549545039776926,10.977549048399146,2.482892817035065e-5,77.70782923704614,TRUE,29.649255379706574,1.213780968290973,7.211514939357982,9.497085190224297e-5,79.62455090667879,TRUE
FRA,FR,France,1413,357,309,170,102,60.73688528041967,15.271877546671359,13.012979050301379,7.09683247719145,3.881425645416149,1.2086434427306383,0.6679710220287736,0.7064617583581907,0.554634832706759,0.46070338619435597,497.8380340652485,474.37863481073015,477.1357070439804,435.6274558393322,460.59871964215785,2.8273760265470194,6.17926998419481,5.314967626048289,7.699585550454939,10.468354663825961,1285,343,328,242,162,55.27280415008769,14.47603318561644,13.656211263422211,9.837035017758058,6.757916383115591,1.2468592946026256,0.8368592881879938,0.7185154154631451,0.617961865622158,0.591467826624521,495.36394367030704,491.32082828967503,488.07491309238964,457.3945264158808,460.8358158067062,3.151530836496296,5.281697603257662,5.431133950556504,6.579768373253614,7.1092941828186005,3.517728614939756,0.3620945505672981,4.6008760291361135,0.4171953583514799,0.3636970304763931,2.157040353979477,6770,100,473.9444184205954,2.488973645093336,37.23931442309066,3.632441566522906,10.503124365163622,6.76991875584454e-4,75.4522056692112,TRUE,34.528127863600844,6.142442693423608,6.941853139068718,2.7629216801106082e-6,99.02916986403082,TRUE
HUN,HU,Hungary,1318,415,301,139,76,57.84257683152438,18.254874908350217,13.85642912619921,6.42592105492632,3.6201980789998625,1.2546674888026252,0.8299884307306582,0.784946418452874,0.6200057261014483,0.48510839081073576,494.3281735267287,472.4512018379269,457.0553517763912,432.65656719266565,441.89003798263997,3.66393019318198,5.223148434734295,6.3341780125646325,8.005544920741007,12.932880511907074,1038,463,424,269,164,43.33232186543749,19.35926981272626,18.242514652651952,11.845201645116175,7.220692024068116,1.3019087352937255,0.8181420591089443,0.9906010388712169,0.8200802829503769,0.6534236732749822,500.21083240361213,483.4505120215937,474.48522302310903,436.05571809287795,456.15922699673246,3.7043530036476913,4.8533223891962125,5.040288068132155,7.463078550928898,9.309595434194144,2.6616510187369617,0.27954566508010964,4.975380772850404,0.4623928744898177,0.9585470602629007,2.2453112512177125,6198,100,472.77612237193296,2.5140600273714866,52.43813554408871,9.06757052636794,12.749456527359918,8.901304073161143e-5,86.09963991612007,TRUE,44.05160540687967,7.8510872254659985,9.202642222376687,7.104800094914765e-6,84.76254143491411,TRUE
MEX,MX,Mexico,1017,457,464,276,102,43.89065013966034,20.058945857449668,19.762586479024485,11.863452932128144,4.424364591737372,1.3093658886279465,0.8912514452799841,0.7876329361230594,0.8456981163123404,0.49112796130317815,417.35269158985716,395.9889529074092,395.0147038295037,381.2139277269781,375.4852303741614,3.2900966639149134,4.094978479324741,4.200998207727405,5.40435488607828,7.776438294202075,646,453,567,449,186,28.126373462309402,19.26571354728252,24.802685016186842,19.540745752047762,8.26448222217348,1.0903921597794586,0.9106492464934646,0.9805165510875313,0.9632867125972692,0.7405690186469999,411.2720020925223,402.24112361552795,399.3156492015359,391.91394060800417,383.154281778438,4.354058755789575,3.847890559879164,3.738241169593059,3.965591113545509,7.121440675758799,4.7869640425802675,0.17532916928172002,6.52903617249882,0.26889803298783377,-0.3625994508428958,1.7354460496746604,6288,100,395.02991921871035,2.270588839498129,41.867461215695755,3.51348972804179,8.01690396258761,2.0572617904779378e-6,63.89468612924139,TRUE,28.117720314084295,8.316915395505516,7.282782034099934,2.071657432125562e-4,94.12891206937459,TRUE
SVN,SI,Slovenia,1486,342,347,172,123,62.68490207979608,13.362812708236962,13.306348583486166,6.385309993304544,4.260626635176257,1.2782235282880627,0.8523594013033798,0.9324066175350723,0.6102180218334434,0.4808955189515531,497.248245738226,498.7877186547476,477.36636350853473,461.0583966634122,467.36345027176424,3.023312541142932,6.5542786505890005,7.0579107589381955,8.346017877883105,10.790277713182249,1235,427,448,285,159,51.60063803191689,16.20411611276936,16.565719748815685,10.258824454207259,5.370701652290812,1.2200513108932014,0.9560841771929691,0.825218562439825,0.7448516343971688,0.45343044557225826,502.6328395984736,494.4710514291636,477.14407707943855,455.9624250006538,444.80414599531207,2.8452660658194353,4.9970885803389,5.498440715483474,6.39967109298033,9.136019065276164,4.01837214612498,0.4187253526589236,3.4514883642021044,0.38715952374777096,0.24225448905127678,1.9192132880887076,6721,100,484.52900864834714,1.2440586614767073,29.884795466461753,-2.170602116948042,11.397882087604073,0.010275375610496518,89.42103117490873,TRUE,57.828693603161526,3.8987606221732634,9.152314576217682,9.92734561222619e-9,89.85141569324506,TRUE
AUT,AT,Austria,1327,351,259,151,101,60.596749613605994,15.855660707608108,12.063150166655188,6.721742961222484,4.762696550908226,1.1582960919740464,0.7293175253576334,0.6806326992777054,0.504663012904333,0.5191551012382041,508.49668092917966,496.60287334391745,486.3319047764068,454.5018824216726,470.1484986670322,3.3173933910994853,5.357892218092632,6.397627116680017,7.413078815111131,11.628238022794397,1172,390,286,170,114,54.55522271627553,18.11864285259456,13.640673550305577,7.973538880745545,5.711922000078785,1.0561056065232264,0.8365048513775978,0.7338626266436461,0.6334641505140642,0.5481744144780486,506.6183887727153,508.8035740550613,478.5891970381326,454.39267531647226,454.8162281412495,3.4895191908589958,5.183113580688813,6.600892353573283,8.5027403810407165,10.629820765792523,2.848838450046277,0.31589546313680794,10.50653876748564,0.6848045256869556,1.9138581008619489,-4.794616767406855,6151,100,487.26749896735487,2.3377890130544867,38.348182262147475,0.6855954113911871,12.035357394082217,0.0020060288980823238,86.39099247918219,TRUE,51.802160631465824,4.3670381908439415,10.790540177144019,1.5406305219345384e-5,48.75200568672602,TRUE
BEL,BE,Belgium,1606,357,409,244,144,57.97987380631094,13.113833433857803,14.542810289520041,9.128798116393643,5.234684353917576,1.0926784020505236,0.653653747587994,0.7476641832911557,0.7108524413762252,0.43522407027246146,512.7342451954444,493.8548822223751,484.4582287213402,464.21894799343437,494.8335855908782,3.5757557676354685,5.810342963603544,4.809953909793095,6.967206208325231,9.740130035602553,1390,430,439,297,197,52.07435373798865,15.960570695166275,15.672849872775114,9.733937672479462,6.5582880215904975,1.1449758128942185,0.8208730387226449,0.7894070001818863,0.6625038160852303,0.5084580996015021,508.48939534690817,505.7451691259815,490.67585746019904,476.932410850253,479.97746732084,3.7649755042340978,6.0432273625506925,5.831030361261979,6.710795119720213,8.140860335975042,6.559831263657211,0.42257645616323136,8.387237353721945,0.3745087774638362,-1.325146909739635,-1.8289493321314474,8286,100,489.4868167449487,2.202874021453321,17.900659604566158,4.037156273250135,9.97907059167962,0.07661370654799149,80.1400218559409,FALSE,28.511928026068176,-1.9852306178615067,9.187987200309841,0.002597772088362982,85.20219513489323,TRUE
DNK,DK,Denmark,978,401,357,177,98,49.31821697365795,20.4635398725062,17.391467500234572,8.200700939836771,4.626074713764513,1.182137734215967,1.0553978152190207,0.9778918554229417,0.7424085105301114,0.6014874723383477,507.4753063331694,482.24287630923544,484.4083732958119,462.40466887788205,477.7383802845063,3.7613911196698933,5.472722933523501,4.73258929044563,7.207020573465341,10.086067508191986,955,433,383,183,108,47.34673183773696,21.454728249763214,17.916988886441686,8.300680131766253,4.980870894291883,1.3150967280966708,1.2228050670111055,0.8721964433092856,0.5957693836121383,0.5717070688708523,506.0145093179058,504.0834078367669,480.01648247915494,466.66627735156936,477.3193996948932,3.76716009222201,4.651698386133387,5.282808024809579,6.8493615946013575,9.477681028882905,3.5598257235029274,0.3478910698966057,5.3693094987729495,0.46035340461085567,1.066248990261586,-0.3884386044810668,6200,100,489.27387694241116,1.948822269513562,29.736926048663065,-0.6293887755379053,10.822920053572116,0.00758317221135929,71.90880339905824,TRUE,28.69510962301257,-0.39447540381397905,10.237523316374181,0.006360742436925859,79.43710427305685,TRUE
CHL,CL,Chile,999,353,377,191,90,47.69632639033857,16.81279235749195,20.093875420597296,10.679176158225747,4.717829673346439,1.2366849025742843,0.9199034598374706,1.1267729294449114,0.8954885200874627,0.5489044962093188,431.3234521424387,421.6222460756145,424.05055381493315,400.1977281588846,388.73408088949805,3.4922120857147503,5.088959957966406,4.8418157399520325,6.114627709770481,9.857851865555034,841,374,405,211,136,40.257345041741985,19.10427899082864,22.13608936611548,11.644512682823112,6.857773918490782,1.26390984986639,0.9889756450005736,1.0882742389840465,0.6303253349587806,0.6669322643182941,435.0745739325523,425.9684052317455,421.63671777708015,412.56005490402197,405.65259540570753,3.5387422694340236,5.374912892576643,4.700108258392702,6.0295926854542214,6.983929798606789,3.2314043802199808,0.3453316465121757,3.263782638978042,0.3301339210161258,1.4864252931264583,3.59399127951274,6488,100,411.6965707080974,2.0779020067084146,42.58937125294068,1.9547015990696122,10.269536769333845,7.790804237162163e-5,87.1689119372724,TRUE,29.421978526844782,1.3289387130670174,7.65768208110084,2.5269634875302316e-4,75.2827799915596,TRUE
LVA,LV,Latvia,857,470,421,180,114,41.918350977180516,22.98717000757562,21.077009016614763,8.56972963158706,5.447740367042039,1.136440445788782,1.003999020205599,0.939904351855221,0.5022553965079316,0.5767813465773127,501.2989223618484,481.96041901361957,470.06822751345317,458.8906675306463,482.52857796047243,3.337901215812269,4.540717726542396,4.580894072376789,6.097738751590939,8.075409304318434,823,404,349,225,137,42.360442714727675,20.57055536368106,18.081378636507893,11.784475199825641,7.203148085257731,1.2440982793141926,0.9412727481674096,0.9706932341335403,0.7509951190921937,0.6152276785084041,499.5889714533029,486.0756844537689,477.06487666290093,461.38952824514035,488.22464736685544,3.509232185227425,4.563320672983327,5.142824044942936,6.199012154910549,9.279923804116715,6.0805687456472945,0.5054520357815698,6.59398943110517,0.5670077643908503,-0.6328283786052555,0.6091586541525613,5373,100,483.159455201819,2.031913091428261,18.77034440137595,1.6134559302301454,8.55142725504541,0.03172264186630214,65.34020762344605,TRUE,11.364324086447482,-2.8550638961143537,10.204990158362564,0.26837317892772194,91.26478963121001,FALSE
MYS,MY,Malaysia,949,612,635,333,123,36.31943203018805,22.939409683325458,23.636163754448233,12.462180282989936,4.642814249048319,1.0573930790752906,0.8725165008403205,0.9276017479428831,0.712689566979963,0.4135652597074887,415.71451921445816,400.9105122879983,412.7355445961542,402.7396273466439,423.2768601121444,4.245952168627585,3.7130069753308637,3.8278010554246618,4.193919291987143,8.877563274832452,798,520,689,433,165,30.816816283015502,20.021908371340274,26.109087824622062,16.805924410209418,6.24626311081275,1.1394753414535057,0.8794580622477028,0.9280287631334901,0.7677853906803632,0.527489193205055,414.8404408258403,406.1490129930465,416.1164143640433,403.6983823460604,409.5508563434614,4.380187935122661,3.9151781771382947,4.337250640233436,4.575512303978367,7.906689760798607,4.22582542466018,0.4069755286426933,7.983012476877349,0.4611105495012693,0.416988824388139,-1.7367493660645987,7069,100,408.68743219424823,2.396491388009688,-7.5623408976862265,2.252043485949158,9.609118198098558,0.4340331087770801,67.63477292370644,FALSE,5.289584482378871,4.050113528881282,8.57913528642305,0.5391668251294717,85.18155383438305,FALSE
BRA,BR,Brazil,1141,721,739,392,155,35.85766556052612,23.505214509028637,23.235479775238378,12.329014208358549,5.072625946848307,0.8649874307169088,0.7365452062327018,0.7420781429038316,0.6311651780458308,0.44534209582575573,390.584184256629,389.6375910637698,390.47366275230297,377.08890094405325,371.17056932690383,3.4210346470813002,4.086743069029963,3.368838770591253,4.271772023790341,10.033542013037616,1229,633,669,433,232,38.34211871257073,19.59173287087671,21.38854971886188,13.343563047671777,7.334035650018904,0.9491951860924015,0.7653651087574992,0.8655980487777213,0.6660295405172073,0.5269307991977908,397.137420066834,383.6806043891201,391.0428420195654,374.5842537568976,375.6812550844923,3.582121835042986,4.275226046936472,4.4680083615218225,4.545347896028529,7.0666227827964105,5.713418166023797,0.312524048757049,4.315420701287593,0.26333699826039236,-0.6407922191754905,3.0186149487313108,10798,100,378.6913669469863,1.581418866237292,19.413614929725156,1.1555355811123331,10.491156858120888,0.06840106192488093,71.07911259577068,FALSE,21.456164982341704,2.2299026304675955,7.636029670875685,0.006110793918686852,87.72587244889205,TRUE
PRT,PT,Portugal,1161,443,490,260,123,45.93874946747217,17.985370850911732,20.19026525810798,10.849731317500243,5.0358831060078835,1.1161865384242025,0.8495836659025547,0.7970008730397424,0.7598618138449085,0.47231601344146945,498.38966819482897,475.4217511603009,460.400615654939,447.0997552872556,452.4172321652995,3.5213581893118495,4.875579201954535,4.383874982279805,6.035419761981232,9.268908707142472,1015,454,504,330,218,39.830500763617636,17.84522697926508,20.079101212522612,13.435369087658957,8.809801956935726,1.0521101280175607,0.7908296440176041,0.9072277556186165,0.6693423006015712,0.5167147462479079,490.6671949053597,484.29708811205774,478.97003400623265,452.3960485220693,465.9244943121919,3.9581040786745834,4.767038200156611,4.525195710997605,5.827158827045733,6.8033627298410915,4.445001980192326,0.4377891848972565,3.9625512169799184,0.38373314629141575,0.5908811258155575,4.847250739955808,6793,100,471.910522105747,2.3505713863758824,45.97243602952949,-5.131902199796082,10.420001752320742,3.182059669271098e-5,79.5679058164147,TRUE,24.742700593167797,5.716646061118387,7.107674739967666,7.778999732148684e-4,88.41239450173167,TRUE
POL,PL,Poland,1330,371,287,150,110,57.92619544400449,16.651037699491038,13.209285109383384,7.1275759458240175,5.085905801297073,1.237367870764559,0.8111656308553803,0.7532937134592904,0.6739405612093662,0.5282275685846575,511.4868442929413,489.19939998344273,468.6223583434535,448.7389543314383,465.78873697846166,2.9040661916953394,4.988334422348003,4.967139682922553,7.947970145876324,9.647469217195685,749,453,492,349,215,31.866696013586974,19.763823659028915,22.382389372127793,16.34288083006422,9.644210125192098,0.9339424105808234,0.9264408875244968,0.9030110458532621,0.9366244551016943,0.6363120749137084,511.1318625277931,504.19791736289426,489.13227929666493,470.3157951191737,498.8697187264432,4.046463077439239,4.400470737359325,3.914112640279171,4.841284889684095,6.487739252955571,5.065342943759112,0.3689623951531792,14.111043008597873,0.665658522733124,0.02056285753796061,-4.466832883405775,6011,100,488.9600537637026,2.2748502812100675,45.69810731447967,-1.6340997012951928,10.235988576834021,2.9862863833551856e-5,70.33467822971286,TRUE,12.262143801349907,4.77896125137781,6.993332649650231,0.08366535793560925,74.14521738489067,FALSE
USA,US,United States of America,889,271,236,138,78,54.84951229164808,16.250652641345365,15.11122640317206,8.622157458199684,5.1664512056348,1.3127062150905167,0.9003672887740958,0.9836743966782605,0.7085868975422763,0.5929367455980564,481.88729623265965,476.71251189577515,457.5785823062324,442.75856910732483,447.7779835094677,5.643658987029356,6.544112968250767,8.221037707147714,10.63376668922107,13.993040625500445,767,319,314,189,99,45.39950816345639,18.985235561159058,18.432981776672783,10.901670990785659,6.2806035079261076,1.3977774840288306,1.0973819355954595,0.9839396338244629,0.9583162237083375,0.876129045894092,477.2755759538949,474.78444430246145,457.53297527860036,437.41736167428826,469.54419744204773,5.324079352350073,7.358768599233456,7.265492503755382,8.574206210091763,12.895261453881012,4.319847341126796,0.3713278682386624,6.341924188662324,0.4291067776046871,0.8466038645080038,-0.061320680736216104,4552,100,464.88804301211985,4.006723094045728,34.10931272319198,21.615521534212778,13.580317729727737,0.013858984439071076,87.1608958417507,TRUE,7.73137851184714,24.725769563747427,12.049151413546722,0.5226735069676622,93.18475359424157,FALSE
LTU,LT,Lithuania,1019,556,608,382,165,38.347286195541166,20.35430098857892,22.054145345257787,13.263391200543213,5.980876270078921,1.0651223177401354,0.7401622826278119,0.9439277153971958,0.6631007086515252,0.48999451155297136,506.20426896449396,478.5104727310352,460.9165791155341,445.81143769226236,468.95529644854213,3.248083686442545,4.28395883143605,3.9986508205865117,5.086048232694584,6.922994147599814,1255,512,488,361,180,47.297416616477236,18.567567893703142,16.83705475466187,11.93446090123728,5.363499833920473,1.0687231101597359,0.8282329493487983,0.7616786272608758,0.6834629549071668,0.42698238129839405,502.4053258653522,478.234825927775,457.5904477361818,443.93665360810803,449.0714440844342,2.886381591726686,5.481187096839297,5.146598325086468,5.561619879623945,7.317389746135921,3.452527561344683,0.3057270624651907,5.681063849321016,0.4792792473313192,2.5283487087342382,-0.317564015400543,7257,100,475.14676197726124,1.8418202094064717,37.248972515951834,-3.6427126343089995,8.10945872857452,2.0399464129017275e-5,65.4462491247222,TRUE,53.333881780918034,2.0939119017913264,7.595233214742728,1.2700174245594553e-9,68.2949299462345,TRUE
SWE,SE,Sweden,1152,352,314,196,129,53.84189370510214,16.368393469593272,14.628458353952963,9.0569304656815,6.104324005670129,1.105674735532624,0.8771824377207529,0.697572252575026,0.7205410103635134,0.503913802030412,501.7374885902352,484.01314632927233,469.45283692597593,463.5945924800377,464.06971124343636,3.500877319600389,5.006683970970847,5.74733049343101,6.155576057019194,8.247866102469889,1054,395,365,225,135,48.902634399831754,17.910984174358088,16.785874951472803,10.183571606911833,6.216934867425515,1.2912350399214245,0.8252278159713778,0.8842038808873156,0.7299865084446301,0.4415755603715836,505.2226937959595,493.43500630575653,480.2198068219037,463.5716328488702,471.4342563992017,3.2774211639497666,5.467209128507433,5.343481109215182,5.508668189608304,10.180420644830566,2.2276404204338354,0.2798701672589745,1.8897844482293904,0.2955444749001765,3.876683585236294,4.3271504191961245,6072,100,481.766065397003,2.063120952773474,37.66777734679886,1.492797092483155,8.791919191291393,4.941686043613558e-5,82.25616800192559,TRUE,33.78843739675784,7.31729391319505,9.987385351792938,0.0010825102426506028,85.6550092256515,TRUE
ARG,AR,Argentina,1648,602,526,295,151,51.46383912510579,17.702608408473257,15.828184840512558,9.288203937192293,5.717163688716108,1.1870263467933235,0.7952938795866464,0.7388220912895896,0.712030710601883,0.5129749284124958,400.21073195535445,406.2972854686413,398.7007560342244,380.40393957157784,377.762967461852,3.2251098871005435,5.8191714877606096,4.900775850740756,6.8641146739410095,9.709879220981508,1606,536,481,357,231,48.39203492243307,17.638670266896618,14.297802963454876,11.95141671804136,7.720075129174077,1.3908787410479033,1.12311150538353,0.9062586885267634,0.7611248173889263,0.67177035463511,402.84254110499194,398.06648401378493,390.5789336847806,378.9657490125156,374.11749670407033,3.1089125696533246,5.816329528926323,6.4476040913346075,6.413286277155459,7.555925336633604,9.67333773822987,0.6692706129376892,5.627698140137416,0.5024960904708523,-3.956174049513762,2.0923769890366613,12111,100,377.5290286484575,2.251655477609978,22.44776449350246,0.7655814802262233,10.156373629867586,0.02962797977242948,89.94246586586311,TRUE,28.725044400921604,-0.9672401642033068,8.288053172303897,8.826605614991045e-4,74.1376793942839,TRUE
URY,UY,Uruguay,857,339,358,179,104,47.026713703402365,18.522972162029422,19.040198018674094,9.670166590356462,5.739949525537661,1.3239193973175438,0.9069051082029042,0.8478906931520211,0.74487333227082,0.5874690064170152,434.44254727117664,424.79094730015686,425.78097288411357,408.61482589554055,412.86819089671854,3.4092922649792783,5.476679481817044,5.043108990257828,5.969246489657542,9.597999786508588,853,310,308,213,167,46.81987966990116,16.833295641710734,16.14383743743538,11.355789561775714,8.847197689177003,1.2211053829043585,0.8665388220663779,0.8763132329000068,0.7654314630938295,0.7100757462962202,435.2515841369221,418.6957558672509,422.0281995029105,408.8215679411674,404.87951063890887,3.2088415309006906,5.462765094130996,5.940231552222027,6.679259564236122,7.726809328089221,3.7599435311683154,0.33736810558024044,2.6986452701158,0.3102994567292291,1.9800059943693453,6.148552419061203,6618,100,408.71206639216507,2.023864988802223,21.57435637445809,3.5259947162627094,9.833253999431776,0.03069226056552088,94.25153348938028,TRUE,30.372073498013208,4.275330699745351,7.838978566343257,2.1794001488939507e-4,79.75509309830251,TRUE
PER,PE,Peru,689,485,564,348,137,30.670420616178014,21.997306789897156,25.405119638468665,15.711683233757107,6.21546972169907,1.1358078566333343,0.9678183209505302,1.0584900901021541,0.8264506444840571,0.5649442851567285,401.8710275744833,399.73232845518896,412.95099568530503,401.8536253184911,391.4776452152211,4.29929679310903,4.8812814435095415,4.1335035055751135,5.701213195987974,8.373441474942554,554,421,532,408,260,25.35640669296617,19.275177896101976,23.981881088411512,18.843518595543625,12.543015726976723,1.364290579041495,0.8420707219839729,0.9950900815253291,0.8790117221150662,0.7576819110058628,397.5575176570826,406.15853380940854,410.2166404095325,403.9730122076988,397.5370731211081,4.517698476322582,5.009157993165244,4.327993837123578,4.700814871006111,5.407422072838001,6.280484272536054,0.48931521379478055,7.557818708692299,0.4478475930869502,-0.06501455083698371,4.985197018284424,6968,100,391.23578464022336,2.341027646475215,10.393382359262205,0.4355469373011338,9.366289616220687,0.2701446338707503,88.72894576513329,FALSE,0.02044453597449092,2.318474752336384,6.70916265208336,0.9975767375275109,74.98676577292123,FALSE
JPN,JP,Japan,1162,409,419,216,140,49.0509149581522,17.20929747896019,18.23907769282279,9.454896697675947,6.045813172388874,1.2144412780458418,0.7651899951276763,1.0103444821767587,0.6796178294348039,0.4651296596008911,538.3265322816677,536.8824715918465,525.1332418831925,519.2034318352942,563.5362667524024,3.704546918206335,4.825977798714506,5.672107133318475,7.034340078740921,8.90174348287917,1722,299,209,83,45,72.97955837234545,12.606371617447277,9.03915383620289,3.5598384939898127,1.8150776800145647,0.9641346832381601,0.5855544919648824,0.5874942026226756,0.43198052547264393,0.2965380570773327,537.2340277858268,539.0074503897806,526.712413450308,498.14174893573255,517.6320452162759,2.8333610454886404,6.127687361220336,8.372890755100002,14.458321060214647,19.464634025749632,2.738672885579029,0.2583165620270235,1.4697024043574076,0.19234635489086768,3.3071402868098447,0.3453752756571571,5760,100,535.5793059957157,2.933827777940683,-25.209734470734702,7.859902757271884,8.788907747247666,0.005412620236016741,71.86971191174653,TRUE,19.601982569550955,7.724829398479431,19.273044745797275,0.31303863491452644,62.56207457357753,FALSE
GRC,GR,Greece,1334,428,316,200,140,54.45149523690077,17.579601206676696,13.344302422722205,8.56312063644744,6.061480497252897,1.0499867590231193,0.7791303520455287,0.7630648336242933,0.5451419606530272,0.5399424485784732,449.42972026663153,428.5723619462529,422.91731121064356,410.3277907678031,424.4828460293488,2.460699100950235,4.756388212192527,5.859034328967716,6.099954141461334,8.634861367673873,1238,426,315,256,188,50.33250712972731,17.28198075629073,13.160801732205096,11.065371707035528,8.159338674741335,1.1461096048710537,0.7229425190797413,0.7754222473432582,0.7200725586432289,0.6213099118512364,443.4410094650248,442.3504252495982,427.07815751827445,417.214379046626,421.27845316959457,2.917405586505586,5.0284900968262916,5.682538914861352,5.86222288527935,7.807140231031907,5.727702461223862,0.5240236946407402,6.2312441860060614,0.4403223517895907,0.33377803602903544,1.9280944887352733,6403,100,430.1463218532832,2.335023448724144,24.946874237282714,3.6200349711382787,8.565967602208604,0.004619658125816217,82.04170839243719,TRUE,22.16255629543025,1.0328228115697244,8.209570532009058,0.008222182177581416,94.75033350491292,TRUE
SGP,SG,Singapore,1657,344,310,180,170,61.94683584783275,13.226920035136782,11.63200975311419,6.849603644644168,6.344630719272111,0.9883818826519712,0.6364520675288436,0.5727275073429419,0.5469862888539605,0.36629726539261903,582.8816943384861,577.4520847432108,558.2390162612335,539.575544386019,593.3610150132473,2.468570699927764,5.503782476823153,6.155286440651503,7.159659079930787,7.685317475836466,1554,366,340,229,167,58.30802049184813,13.639706887425207,12.82682616744643,8.845479805717066,6.379966647563154,0.9478688497818908,0.5654232829138871,0.693212187132676,0.4548767890078134,0.5423393062384273,579.272539789741,569.751777868248,560.111766694056,540.0120585325387,573.5538530460858,2.460831881938978,6.005431837105802,6.331358706398641,7.6190348359991935,9.065437959378043,4.018718257574667,0.3093475132836714,5.112534437032357,0.4415723252127866,2.3259124616974436,1.2674322105307967,6606,100,574.6638195932048,1.2328192157966207,-10.479320674761198,2.0409858313859344,7.815111921282213,0.1845875247558566,65.43787001463072,FALSE,5.718686743655212,0.3533951702541176,9.355804006390441,0.5427923093727427,79.00374634500383,FALSE
KOR,KR,Korea,1343,512,416,201,167,51.446415494294286,19.043662627178016,15.874810804454428,7.1350935456930955,6.500017528380172,1.2645024435446524,0.8503970933058628,0.9579447763213659,0.6948269516678328,0.6014460073659761,521.1846838385624,531.2990187111657,523.1148762244791,509.6202400529291,573.7298215271121,4.586122737334609,7.451223910435819,9.182631188672165,12.090668437765013,13.441653221113496,1783,371,280,134,94,67.30155157307172,14.42336368214899,10.11543043876824,4.860933147975022,3.2987211580360345,1.026393535841848,0.7722358582814637,0.6706556932278936,0.4501512253468352,0.4923861571188953,532.5155273997927,513.9830995221689,502.73801770642007,488.49413072337455,564.1021942068675,4.718814798611239,8.00213889162908,10.03808738673223,17.38795964270361,12.65747507854651,0.7675708159538689,0.15913859682424092,0.6213154427848735,0.15608772343973326,5.732446712426303,2.6774057152511608,6454,100,527.3025017804464,3.862809234249779,-52.545137688549744,4.064759884228619,13.913340479917506,2.8583513361835067e-4,89.46676013646234,TRUE,-31.58666680707472,3.4550363059102214,13.250238332037577,0.019034261673761543,99.23166849914648,TRUE
TWN,TW,Chinese Taipei,1164,384,494,236,143,48.22175182369442,15.501252109295105,19.986588695391795,9.7318047306051,6.5586026410135805,1.2185023951970997,0.9824800972397405,0.8533058578870274,0.6252972026851205,0.629373183776418,558.2245482860728,542.0389987838655,531.6324494685068,520.6260587748254,565.9677573756151,4.634635169655301,8.074882103043324,6.952022531809113,8.346044435686647,12.969751037593772,1397,347,367,166,82,61.863232475337846,13.675804317498862,14.500635726964353,6.415051472478639,3.5452760077202954,1.293569585217918,0.7275472251585228,0.920392865464672,0.5192530903612728,0.5244020553417794,568.7981998756912,535.394486378307,520.1909232757492,481.1051947518076,527.29766678532485,4.187742805031565,8.598475283563413,8.394668397460686,10.904161108348383,22.79823924330019,4.369799869835578,0.35778556046649246,2.9199627933828722,0.28370888114573467,2.1888027711780023,0.6253132143374232,5857,100,547.0941643886,3.777626098402033,-7.743209089542233,7.564679887292982,13.212302046138083,0.5596144984565556,74.15328945486254,FALSE,41.50053309036639,20.018552087843076,22.29932281976653,0.06698844238951551,69.11131742791623,FALSE
MAC,MO,Macao-China,708,331,448,197,119,39.145197289133435,18.38471042728918,24.893716029897565,10.975388045109352,6.600988208570473,1.0569140269192276,0.9818689017784846,0.9844833778759544,0.7567542102712951,0.5917012616864271,552.5593145260882,547.9127455448534,541.3876748116974,546.8671579015455,579.7916204415793,3.690102190791881,4.664618559618486,4.791677336146936,5.793638536407165,9.645284833605743,588,286,451,265,171,33.45110818148423,16.19624989446385,25.590141087089556,15.03423983991255,9.728260997049814,1.2209135784350824,0.9233915545720858,1.1076744193986225,0.9197616414781183,0.76971694331502,550.4698343181997,546.9053698575542,538.8057053478723,545.056758884607,575.4246314681246,4.39209108987942,5.650821961390172,4.20870795198043,5.3967969413653405,8.040760966130723,3.8396939830831442,0.3263959431187429,5.979621537666141,0.4164017627560053,2.7612942254873287,3.748639459383673,4384,100,551.9231530646192,1.098057215682618,-27.23230591549111,5.964964828541672,9.732340111339546,0.006529390993748496,74.98587516652132,TRUE,-24.954797149924957,2.796554732828544,8.851620845392812,0.005928545506765026,89.31148096883109,TRUE
ROU,RO,Romania,1023,524,530,382,194,39.03834837723501,18.79416333755806,19.776314506460373,15.130704280393283,7.260469498353269,1.1196772150765355,0.6754710316315541,0.8686953449277562,0.8874439339145409,0.42396385815429827,463.87312527488837,444.1593403971342,417.84936221995713,397.5042916564118,422.6364475215572,5.032559025247966,6.623334454935354,5.777978177733057,6.039801749203807,9.879545867844797,733,512,563,499,324,26.63078117777516,18.90494251627701,21.43308610768628,20.328693512767078,12.702496685494472,1.1295733295034522,0.7836296304725003,0.9384232711270498,0.9600840620494249,0.628886040252415,460.60350789878635,450.86923656667494,435.8726758925477,407.3392670577297,448.7121600310067,5.967237844438411,6.2034802092281645,6.210128900682102,4.987080321176163,8.7069683988582,12.50334046781783,0.6354620640609426,12.990536579505005,0.717444175832716,-5.242870969464561,-0.28803989401053265,7364,100,427.75999666897906,3.9984151337849076,41.23667775333115,19.076459077585476,9.207559869057762,2.515492960908361e-5,78.57810535473001,TRUE,11.891347867779643,15.984093096251929,8.913531286662398,0.1859532653152185,80.2192314011787,FALSE
TUR,TR,Turkey,1203,492,640,344,218,41.960595916794894,17.030769684890316,22.08294436108481,11.643653411017082,7.282036626212897,1.0119688764672325,0.7249955813643905,0.8670643239615222,0.5671822296008521,0.5378188869518247,464.9986963188731,444.38723353615063,447.1020910925899,435.6530022728779,449.2379104251551,3.2349710716817026,4.103265733364056,3.946051075112486,5.024677815638326,6.14274680836483,1199,488,613,354,225,41.51334054415904,16.97538656216545,21.412342518896217,12.689978222230499,7.4089521525488,0.8478153739997959,0.7653258310382163,0.8110525554540062,0.6482476706447494,0.5844141872198162,470.52753719210733,450.8004752501685,447.914860575036,432.268171054551,436.2554436832353,3.012921342946515,4.917484814575521,4.018382113006618,5.577758362404336,6.574098394500502,5.431664851776988,0.4470832077119126,8.124816249845455,0.5027414910139403,1.8503717744359092,-0.7158640972966559,7250,100,453.15176740183,1.5881505412237273,15.76078589371798,-2.968078170022832,7.357617313121105,0.035216284059255365,80.26183767813987,TRUE,34.27209350887205,3.628817301110852,6.711097534467444,1.950688425456093e-6,85.83007743701722,TRUE
HRV,HR,Croatia,1160,414,369,270,177,48.2793547099255,17.30448239772337,15.556829629190371,11.330733425519043,7.528599837641717,1.2375158257645351,0.7364797172829164,0.7474968743430904,0.6675619077749442,0.5113408446092532,479.2104577461418,467.91618528462686,449.3807925493501,437.266644931473,458.30723889743973,3.3303103847759723,5.272769709753853,4.874501411570935,5.262073327315156,6.418553621387929,923,470,435,368,212,38.39234362159676,19.623688463670344,17.93049678361094,15.234145208699395,8.819325922422564,1.000224019535057,0.7964902822857078,0.8137199633420786,0.7749878070685471,0.6493297166978237,482.7633123807574,474.8561417558614,464.5073464735892,438.49491379195695,455.2042030845865,3.552692177438132,4.657370088115549,4.766434751484195,5.099034412582563,6.802884427533656,3.3609136279319523,0.31672699476900734,5.617601068881354,0.5153969491274792,4.167686209709764,3.2017248535412106,6135,100,463.10518936748946,2.3789172165193864,20.903218848702068,1.4836793230751377,7.022922411890117,0.004093981925914036,64.93324695835891,TRUE,27.559109296170902,0.7713734986643285,7.5735137977481335,5.025884509421985e-4,74.3972406348933,TRUE
HKG,HK,Hong Kong-China,981,425,500,258,176,41.079360648261414,18.297678197796742,21.513966838563366,11.519429366483722,7.589564948894751,1.157908950395611,0.916719949384991,0.9532333217433298,0.6929034893186716,0.5695378206696511,557.553640081342,537.8272276305979,523.8658456400875,517.0964100701483,535.5674450467565,5.133920461980203,5.0447413195472945,5.646971277257798,8.395677434135331,9.381570285080453,1061,359,507,223,129,46.08686921237792,15.468350333691589,22.375102811068967,10.407703178108067,5.661974464753465,1.3583712735799134,0.7344989772325186,1.0902278841001751,0.7122766389836227,0.5383639254862349,554.2576061904095,539.1836043837003,533.9293989365942,509.1958658594338,561.6278594286299,4.314221268323043,6.61540959307584,4.412131713027761,6.624420249042726,8.754764317188599,13.73762909907677,0.8322190454121269,5.295120641043831,0.5693739687410692,-6.148064150182019,0.3668538237096337,5907,100,540.3518012286883,2.9875390128315664,21.986195034585535,5.936860109299568,10.124094038739685,0.032729493061364856,83.14475904151462,TRUE,-7.370253238220357,10.422010868501799,8.626377088011283,0.39553556941144663,77.17973308278732,FALSE
ISL,IS,Iceland,578,166,190,106,92,51.00212583753638,14.682477946790492,16.967072529375073,9.302515928953229,8.045807757344821,1.4642297984749686,1.0760577875736992,1.1307194731760197,0.8673392594638581,0.7893011948618146,479.3332942417342,468.5151739998631,446.52544081369894,440.3483229718218,467.73979417995014,3.858661140577631,6.848057824728883,6.380237583365088,8.734769145758394,8.474830156524774,476,194,230,122,92,42.74134666681629,17.415949828318485,20.748000914584185,10.976623518366194,8.118079071914835,1.3729945711193337,1.149154101618714,1.0225898209642754,0.9334207625509526,0.8987686374739567,479.14566137516533,473.086207206485,468.3809391484365,450.7664146820173,476.543886517329,3.830430769375054,5.961265965570059,6.403175941994634,7.6141216942441465,11.364606176119475,3.743219794584012,0.4914855879655287,8.033647728011346,0.5720348677414081,4.302587962760809,0.08443134390348916,3360,100,458.9140143451847,1.580978019592469,11.593500061784084,-0.18805163445945072,9.332101330818503,0.21779844926040481,78.86074620788621,FALSE,2.6017748578363467,0.9051438338743132,11.917054407424656,0.8277120495380026,83.12452350863859,FALSE
SVK,SK,Slovak Republic,953,331,409,239,165,46.13339697198156,15.684531498629834,19.196936175192146,11.042628629004327,7.9425067251921275,1.1944519172254096,0.6305671994250394,1.0850069036015015,0.662653956039875,0.5571088424965052,475.2151753829449,485.29550949107096,475.12267037425465,451.1291846639596,457.9636641384991,4.585159810023992,6.898137312277621,6.20467138734382,8.147976660777562,10.067626705425656,916,370,359,263,165,43.93127771842231,17.841543643296788,17.21485226749448,12.925720987010614,8.086605383775817,1.2506492132673654,1.0784969381876663,0.9733252220985813,0.8563057499278397,0.5974121071336105,495.3517801398517,473.8000179353694,478.55137457985506,431.63345783640443,451.89193268483405,4.229743452014077,6.23305180418395,6.063547109045263,7.006430854635114,8.635777328766137,3.7509410283135507,0.3447123941542003,3.4591425277908825,0.35131174186673736,4.191565696878577,4.627462855984934,5824,100,463.99461847827195,2.892928002540478,17.251511244445794,11.70483361046489,9.948423530506194,0.08607687250636009,97.04044276958334,FALSE,43.459847455017666,8.831548408236365,8.64894692580631,3.2229171202935447e-6,76.45750794786153,TRUE
ISR,IL,Israel,1019,468,422,224,185,43.2836257223318,20.42831487461588,18.229767631780284,9.906973711539344,8.1513180597327,1.052478761057191,0.8101744040685951,0.7708487211194014,0.7633466757514388,0.6755506802627572,463.92208619008704,470.9148317818505,475.7846276661618,458.5443656621578,507.72057837484704,4.668572305587908,6.0594291548010855,6.836397900107445,9.118169707972909,11.933583699132381,1348,333,252,181,203,57.99122304636608,14.578412086300178,10.83166375922609,7.66307803569401,8.935623072413634,1.2081550942667347,0.6979358542087435,0.6759390952548614,0.5702646214048415,0.634584111457833,484.40064386522914,469.10741160990773,453.1104772866139,431.4061204208986,468.0393919889524,4.424222428281762,6.637848923846204,8.401028378273592,7.793274413743145,7.888138266040456,10.170188594380408,0.5859747611727438,6.760533200610521,0.4446978196965707,-2.018870534647707,2.175089871803113,6251,100,457.89666659330953,3.2691485309144515,-43.79849218475999,18.98214627215171,11.235732941486152,1.9091013314209704e-4,86.42730416377806,TRUE,16.361251876276754,7.9117715830218165,8.122371958550007,0.04779090075022019,70.47980678246348,TRUE
THA,TH,Thailand,522,501,1145,896,331,14.789929867307311,14.65759443133982,34.893701389952426,26.489816933032145,9.168957378368292,0.7230250408975978,0.6737467965755853,1.03554181919084,0.9590538011499222,0.6161309869571482,406.75828723994334,399.0583080941545,395.77694243631055,393.5766469522084,401.23211128506307,5.122356156712728,5.73893335657115,3.3693727486605027,4.3157756090371535,9.36026662814396,677,525,968,887,386,17.236407924407658,15.792798365032597,29.372262962975405,26.557553926945012,11.040976820639328,0.8104274905379344,0.7749533152480597,0.9929437850037588,0.9279745648339746,0.6327306409006453,417.19703508753264,395.17931488128033,394.57643426166527,388.57960093450276,399.9798334966393,5.488704046166673,5.614323326296601,3.8101972214735023,3.325887873101924,6.8982672846326425,7.626533490967789,0.4180725398144543,7.562052673575851,0.4741633771744509,1.5424238874005027,3.478924147063477,8495,100,393.945355916735,2.676024518477151,5.526175954880273,8.900186658526462,9.80065052071062,0.5744870511033202,77.10795804211543,FALSE,17.217201590893353,14.360447901073442,6.99936195909974,0.015797708031936253,90.62430888797498,TRUE
BGR,BG,Bulgaria,754,297,338,283,192,40.73801739236559,15.633356468314426,18.27416669908194,15.392770956872914,9.96168848336513,1.512558016637717,0.9821746340703091,1.0032123802752888,0.9455799819122656,0.7099544348508781,457.426696706272,406.3107358010351,410.9564868824952,395.0146018371836,434.20301416084135,5.2208454428172875,6.324122408886167,6.012727375320299,7.023689141102663,7.892409907083428,696,253,348,306,264,37.220516692609195,13.485232394676208,18.699367520456907,16.612205811607566,13.982677580650126,1.4226687362045336,0.728308704775978,1.114358940787869,0.7861263934474737,0.7651535058758432,455.5257728146645,438.15966615997763,428.10430628492,407.2111160108368,420.6960317163264,5.840751709935209,7.504564018447732,6.726979364296434,5.7667946465821185,7.8555221745376205,10.013049017712714,0.5560064412807533,12.593376305497308,0.6640663286875692,-0.05136053434758381,1.3893012751528175,6107,100,417.3039003748711,3.302688485537802,23.223682545430677,9.75244894825246,8.369137553100066,0.006783564607974135,85.28957540161872,TRUE,34.829741098338104,9.554939452919907,8.758637466291404,1.4902617444523258e-4,82.70565837087054,TRUE
SRB,RS,Serbia,886,390,444,326,226,39.636655159832074,17.14020396341246,19.220491306272088,14.134714254657998,9.867935315825378,1.1316653038884052,0.7455495842064446,0.7510634152138399,0.8019909911845542,0.6620282786407111,455.9314953403249,448.1506087557349,445.39073875855036,427.60426627515,458.6314526196126,4.051213061351556,6.753943074330148,5.233874662602145,6.9906160305965965,6.8305621340648734,658,388,460,461,367,28.506191076901306,16.30046823958839,20.153966269372077,19.37126712167233,15.668107292465901,1.177912534408675,0.659589021517395,0.8880526178855501,0.9120790968928727,0.8604392612983689,455.9878892877927,457.9869519110233,443.27682538125686,431.16258007940974,458.9312079963202,5.002591861768031,5.030484316189855,5.548719456514966,4.324147256423788,7.142259967102262,10.995801916414697,0.5536915255801701,7.861587928421587,0.499194207458405,-1.1278666005893196,7.8065193640443145,6413,100,439.87666668145886,2.974118655485778,-2.69995727928773,8.485638339346018,6.789523522095957,0.6919784814270196,76.91703137771127,FALSE,-2.9433187085274994,7.427167171079866,7.821986220324069,0.7075942032044522,89.42127015281521,FALSE
JOR,JO,Jordan,932,356,401,382,245,40.988951004595165,14.807882783105006,17.12362610265262,16.405484587236526,10.674055522410681,1.221208749992024,0.7434298522803026,0.8547929379346975,0.8314829441220419,0.6135607545099471,379.7357608967045,359.81205596411047,364.3374326605469,360.2348445448574,368.77233651807086,3.533509937315504,4.211879418751361,4.808167880436789,4.5739224331616,5.280880315122745,826,277,440,477,371,34.89674320847144,11.49786279758922,18.48000674428435,19.72343679859221,15.401950451062788,1.3498204881559859,0.6271606507781069,0.9094799865418277,0.8037954723328133,0.9056377156736486,381.18011495401004,361.65858562898904,365.9289870903641,357.89765721162746,363.8907369186359,3.766109157995532,4.684083852048909,4.142672488063973,3.3065575424015385,4.078203716628467,25.86997869484605,0.8382633039779345,20.347031192638276,0.6970061838545543,-15.19592317243537,-4.945080741575488,7799,100,361.2280283665784,2.0330984152235145,10.963424378633647,2.7874095189604864,5.89903130537865,0.0663364854240136,90.7855430726971,FALSE,17.289378035374114,5.650243003238778,4.417560156668214,1.8710726804838096e-4,81.79815814088897,TRUE
COL,CO,Colombia,845,424,524,485,326,32.56689435067249,16.290094918930475,20.447679777089476,18.559302518505184,12.136028434802364,1.0652378041661874,0.7764883284930625,1.0381307729806544,0.9060386159799231,0.8091312897419265,384.84654303893177,389.4705547918925,401.3825082890632,400.1156337283452,423.4943574049317,3.5172974838363866,4.4718824505582395,5.230392707621375,4.359699615227101,6.407328686768627,518,474,651,634,337,19.299545668806438,18.275605236724363,25.27690420567988,24.48196272009495,12.665982168694379,0.9249845486369287,0.9138810934661934,1.016061946966434,0.9282187891348792,0.715435637729966,393.31751134079315,392.7249739185065,394.6096160651433,388.95262797100696,392.3667128925748,4.8372491602712255,5.849778514846266,4.159189388222313,3.5823578260449773,4.380826788071871,6.4168079808121785,0.5673756312583392,4.146729817647636,0.3441006132358114,5.719220453990186,8.519252351046742,7804,100,382.6968351295721,3.0310134881951565,-38.64781436599992,6.9202019713791785,6.291648317200478,3.2394760429710345e-8,77.6000876291876,TRUE,0.950798448218336,6.0819187589846,5.516047975467905,0.8635125068799971,95.31790626523735,FALSE
ARE,AE,United Arab Emirates,3050,1180,1577,1409,1352,35.79955036993857,13.864769572806502,18.765103054145673,16.265036052466193,15.30554095064306,0.6536790842194864,0.48136963870680277,0.5272583476562336,0.43945346649296413,0.4944083501063907,473.89161794508135,434.55691305822046,423.6313573612462,415.5156974243136,422.46093251339045,2.7028984079588882,4.448483532524512,3.1320628777808897,2.812000785407292,3.8498816411288925,2163,1146,1674,1774,1855,24.56029131709055,13.231049580836855,20.015323354064066,20.927812581285565,21.265523166722975,0.6163613923059647,0.4588187091024482,0.5858676670643522,0.4945261020681731,0.5104117919842341,471.16001226483854,443.61073993724045,434.53467364620224,423.15101105898214,428.6854609535948,2.9399290982108814,4.244577983653226,3.36386463967366,2.995660499759972,3.274357887852587,12.51626887410995,0.5921798950431384,10.064632369060298,0.49344633677585226,2.789272076533109,11.200890797662677,24600,100,431.11047658356017,0.9493053441622181,51.430685431690904,2.026068534341138,4.251483433551836,0,83.22665228783565,TRUE,42.474551311243715,-0.40368158865386633,4.491321170608626,1.7763568394002505e-15,97.49555229133153,TRUE
IDN,ID,Indonesia,277,453,1027,2555,852,6.303751654107099,10.063706092745534,20.786205782624677,47.0969357614761,15.749400709046594,0.6662465283647173,0.647802527136047,0.8386563289163942,1.1021621083598598,0.9525827684179065,326.9311071617827,342.50479256793363,367.7474746169522,371.89431386832484,380.3526095039089,5.920736019065967,4.376571300377629,3.523689381977269,2.646352367607849,4.557325931654243,848,891,1385,1774,436,16.117088033116435,16.993264769938374,24.89575540774683,33.78137416359213,8.212517625606242,0.8211314290795367,0.7423998000176099,0.8874270272036041,1.031839173895343,0.5474845828320796,364.1474099630292,377.25422579005277,379.664456599818,365.7797944911418,355.5098255211988,4.1429527098269,4.52577689433628,3.883090172369777,3.0696333803774225,5.663289203444605,16.805214619449906,0.8567137355444674,4.554577752579831,0.39469669116869904,-1.0558139104033124,3.657939873026411,13439,100,365.52525387157834,2.351145591924823,-53.421502342126246,5.624862251599725,6.6764219572757595,4.00812716350174e-12,90.15669076556289,TRUE,8.63758444183037,1.668094776363806,6.775006435789317,0.2061610025766114,77.21331123702811,FALSE
MNE,ME,Montenegro,496,375,410,342,313,25.879789545807125,19.42678886160988,21.017490531440185,17.790039159289623,15.885891901853189,1.1441963276353864,1.1629837592721917,0.8776747679558463,0.8923456203315675,0.7666725040226822,411.61434893754085,417.04159143241105,422.75945462827383,392.10242441175075,415.5877727313388,4.157696192865589,4.526302360951158,4.32211608520096,4.60982972848116,4.524395602811775,466,320,443,399,335,23.46728046025417,15.850246215358865,22.22830231755553,21.09284069060297,17.361330316228475,0.8405304513927091,0.9399183191426285,0.9307905363605843,0.9097085453488831,0.9986162890037398,423.53592091429,422.72770333978303,419.9746399195702,394.37968269082506,411.3191580123627,3.998326711548568,5.0877622393576285,4.221163553113522,5.243297381045075,4.483345084574906,12.410570290162672,0.5913687717228598,9.524000047705051,0.5726880904856774,3.475321611690516,7.837330268523424,5793,100,405.6011733379862,1.1159548980633727,-3.973423793797963,0.6133003396836665,6.0440046760028405,0.512901564742374,75.93223875723955,FALSE,12.216762901927268,0.05043919144583875,5.998843326573305,0.045010544366356875,79.90210140453931,TRUE
ALB,AL,Albania,411,264,295,324,286,25.98145670068805,16.59579176074664,18.187136146300336,20.736156570814224,18.499458821450744,0.9933365744153304,0.9927674120116109,0.9945237315338655,1.1637699206490097,1.104728722276291,390.5644477177286,368.0100996159215,371.3242948923739,380.2921708227495,392.43445171308616,4.5038346381762935,6.284894036288366,6.554161865556483,7.086798652278254,6.252876512628088,425,243,263,314,299,26.990821043456393,15.962631786115514,17.300651915762007,20.62792251583774,19.11797273882835,1.2654905203614213,0.8656918561918265,0.9062624568145338,1.035929493235435,1.0595091016851836,396.6465766514635,383.021963753151,362.1103925710976,372.71515205949845,384.6037933503205,5.4015025011537325,6.7692426035272515,5.693231523728419,5.968411495038898,6.359051266352686,9.042440150772201,0.7219571021017327,33.82528754581325,1.1293016629342167,9.457018670678544,-14.707314806984897,6129,100,368.22171995104594,2.0862510601612416,-1.8700039953575356,4.271651207277212,7.130195559425994,0.7938702949550871,71.56118354793787,FALSE,12.042783301143004,3.7427841149098913,7.882144000730508,0.13061354952309756,77.61397534078712,FALSE
QAT,QA,Qatar,648,291,348,430,460,30.37248849357153,12.868780111396791,15.373960712971076,20.1106269811576,21.274143700903007,1.2093685590972765,0.877211594491752,0.9774972609439575,1.1299653220228674,1.0807508009879456,455.0704937473264,424.57200384669414,415.93040432809426,404.91590814184946,418.84459455095885,5.171299064191701,7.706312968659185,4.924651130929179,4.393115820773748,4.577814640470539,493,250,374,457,684,20.441344981341338,11.056096039334665,17.14555654499938,19.919976730164386,31.43702570416023,1.15953049474346,0.8190474662134354,1.0176020040928213,1.1352093186877208,1.1816704427091425,454.1509582646865,438.9551062183203,424.09277315302904,408.8941519816251,427.2398277569781,5.651287337486711,8.461285312533246,5.550884944814313,5.3966964057722295,3.8441981586612886,11.457761995784495,0.4497705902324624,24.093556663794633,0.6134734993249734,9.816381705118513,7.343469040365598,7676,100,414.1062217855195,1.1391289781018101,36.22589919636755,2.7986313268531195,6.488563650000679,2.665746157148874e-7,86.67269838833766,TRUE,26.91113050770838,0.17620371079555386,6.809001441643361,1.605225478087391e-4,84.13847256720993,TRUE
KAZ,KZ,Kazakhstan,577,818,1606,2683,2162,7.24675317679805,10.475313769130059,20.058205896107175,35.65511211812517,26.56461503983954,0.3061672271946565,0.507118168714149,0.5469081196778435,0.7636222329596049,0.6548815539655493,398.60288468177583,410.78460551299787,425.7484275728297,426.6607546752669,442.93659912538646,5.401106206845553,4.608417809885528,3.165462735472533,2.5429279801776983,2.809461153148691,928,983,1654,2424,1875,9.551238026164869,11.96574389602697,20.885444286684454,33.20359352783706,24.39398026328665,0.43314364013075535,0.47790228580883104,0.5545922389419821,0.7646695749951262,0.6226183780007529,431.4929340789585,422.6586692793834,423.40555724842955,421.42524732514346,429.72769901475766,4.3502844728555266,3.573930610737351,3.674935061084573,2.7919256266214547,2.9190744463729086,16.797211306846734,0.7678425263579091,15.264822620687216,0.7908194767959372,9.767403732992808,9.129157642599434,19769,100,425.4391288356606,1.6882225912683093,-44.33371444361063,3.584904083194274,5.467651421066323,2.027711332175386e-12,92.87310264359161,TRUE,1.7652350642008514,1.0771420059743022,5.0290840723024886,0.7266847699394483,67.05756283541909,FALSE
